title,company,location,link
Python Software Engineering Teaching Assistant (Part-Time),Hackbright Academy,+3 locationsRemote,https://www.indeed.com/viewjob?jk=cc10e115d1ed386e
"Software Engineer, Backend - Slack (Senior and Staff)",Slack,+5 locationsRemote,https://www.indeed.com/viewjob?jk=4854ee830704f0c9
PYTHON DEVELOPER,Pythonwise,"Seattle, WA",https://www.indeed.com/viewjob?jk=1a20a1c56fb7df73
Python Developer,Capgemini,"New York, NY+9 locations",https://www.indeed.com/viewjob?jk=d1d9864a3915b653
Python Server Side Developer - SWE III - FICC Tech,Bank of America,"New York, NY+8 locations",https://www.indeed.com/viewjob?jk=b237c04ee7dc7f26
Python Developer,Paktolus,Remote,https://www.indeed.com/viewjob?jk=df1cce3cc988f374
Python Developer-Reactjs,"SmarTek21, LLC",Remote,https://www.indeed.com/viewjob?jk=034026350a31dc8e
Photonics Experimentalist,Apple,"Cupertino, CA",https://www.indeed.com/viewjob?jk=8892b84708b4608a
22004_Data Scientist,Second Genome,"Brisbane, CA 94005",https://www.indeed.com/viewjob?jk=61c5c218b98a9985
Python Developer,Deloitte,"Los Angeles, CA 90013 (Downtown area)+126 locations",https://www.indeed.com/viewjob?jk=648bb840e87384b2
Experienced Python/Django Contractor,stackbuilders,"New York, NY 10016 (NoMad area)•Remote",https://www.indeed.com/viewjob?jk=3ca8847c8187fe73
Applied Biomechanics Researcher,Apple,"Cupertino, CA+2 locations",https://www.indeed.com/viewjob?jk=ab2be7baae49249d
CAD Research and Development Eng,Intel,"Santa Clara, CA 95052+4 locations",https://www.indeed.com/viewjob?jk=2aac0647cfd4448b
Python Engineer,Outside Online,"Boulder, CO+1 location",https://www.indeed.com/viewjob?jk=896f0683f822304e
Python Developer,Highbrow-Tech,"Bellevue, WA+3 locations",https://www.indeed.com/viewjob?jk=70912d7ae92ee088
Python Developer :: 3 Months Contract to Hire :: Remote Role,Agama Solutions,"San Francisco, CA•Remote",https://www.indeed.com/viewjob?jk=f6a64372a5851eec
PSG Rotation Program,Intel,"San Jose, CA 95125 (Willow Glen area)",https://www.indeed.com/viewjob?jk=ae2170d3ae420f74
Junior Python Developer,GTS,"New York, NY 10022 (Midtown area)",https://www.indeed.com/viewjob?jk=71acc67a281f6038
"data scientist (multiple openings) - Seattle, WA",Starbucks,"Seattle, WA•Remote work available",https://www.indeed.com/viewjob?jk=f84d4861a4473b4b
Teradata Engineer with AWS and Python,NR Consulting LLC,"Seattle, WA+7 locations•Remote",https://www.indeed.com/viewjob?jk=5609148df0d6b2bf
Senior Hydrodynamic/Sediment Transport Modeler,Anchor QEA,"Woodcliff Lake, NJ 07677",https://www.indeed.com/viewjob?jk=eb7d78eca2bc9cb8
Backend Engineer (Python/Django + AWS) Latam TZ,Deel,"Mexico, MO+3 locations",https://www.indeed.com/viewjob?jk=8a5ff3732d256b2d
Postdoctoral Associate- The Crop-Climate Feedback Cycle,Syracuse University,"Syracuse, NY+2 locations",https://www.indeed.com/viewjob?jk=877825ca70f6d98a
Python-Developers,Celandyne Software Solutions,"Santa Clara, CA 95050",https://www.indeed.com/viewjob?jk=e004e922fdd74fe6
Python Developer-1,TIAA,New York State,https://www.indeed.com/viewjob?jk=b736f44252e1d179
"Software Engineer, Python (Entry-level)",Kernel,"Culver City, CA 90232+1 location",https://www.indeed.com/viewjob?jk=bba24995ad8bfe29
"Software Developer (Go, Python, C#, or Rust)","Chameleon Consulting Group, LLC",Remote,https://www.indeed.com/viewjob?jk=0dafbc3291a4f4d9
Python Django Developer,Koinonia Family Services,"Reno, NV 89502 (East Reno area)+1 location•Remote",https://www.indeed.com/viewjob?jk=623cb35900f86dd6
Full Stack Python/Django Developers w/ JavaScript Experience,stackbuilders,"New York, NY 10016 (NoMad area)",https://www.indeed.com/viewjob?jk=328f7f73b2091dbc
Junior Developer - Python,Akuna Capital,"Chicago, IL",https://www.indeed.com/viewjob?jk=6e3ee651f6758fe9
Part Time Computer Science Tutor -- Remote,Pearson,"Helena, MT 59601 (West area)+51 locations•Remote",https://www.indeed.com/viewjob?jk=8ba510e20a6fe6e8
Python Developer,Smartapp,"West Warwick, RI 02893",https://www.indeed.com/viewjob?jk=f90c192f3d32ca90
Experimental Aerodynamicist,Amazon.com Services LLC,"Seattle, WA",https://www.indeed.com/viewjob?jk=d9747e04e5175628
Entry level Data Engineer,Certilytics,Remote,https://www.indeed.com/viewjob?jk=e19d25beb10c61ac
Junior Data Scientist Apprentice,IBM,"San Jose, CA 95101 (North Valley area)",https://www.indeed.com/viewjob?jk=49e7568b34c0004d
Software Engineer (C# / Python),"Agilent Technologies, Inc.","Santa Clara, CA 95051",https://www.indeed.com/viewjob?jk=a3e3e17ccf045d90
Python Developer,Saraca Solutions,"Harrisburg, PA",https://www.indeed.com/viewjob?jk=7a7f0d6cdbec9856
"Vice President, Data Quality and Ethics - Remote",Piper Companies,"Philadelphia, PA•Remote",https://www.indeed.com/viewjob?jk=f5bcceece395da17
BIOINFORMATICIST.5041700,"Dallas County, TX","Dallas, TX 75207 (Design District area)",https://www.indeed.com/viewjob?jk=fe94715018351928
Game Designer,Microsoft,"Redmond, WA 98052 (Overlake area)",https://www.indeed.com/viewjob?jk=aaed53f15fec23d2
Python Developer,Sara Technologies,"San Diego, CA 92127",https://www.indeed.com/viewjob?jk=07cc59a85ae4d228
Post-Doctoral Researcher,Lamar University,"Beaumont, TX",https://www.indeed.com/viewjob?jk=e4d937c72aff2d5e
Python Engineer/Developer (Remote),Impact CFO Services,"Forest Grove, OR 97116•Remote",https://www.indeed.com/viewjob?jk=ff0acb96262c5d1a
Applied Scientist 2,Microsoft,"Atlanta, GA+9 locations",https://www.indeed.com/viewjob?jk=60e4836633aba642
Python Developer,Snap IT Solutions,"Houston, TX 77099 (Alief area)",https://www.indeed.com/viewjob?jk=0e10fe734c597c75
Personal para programación,INADET,"Chihuahua, TX",https://www.indeed.com/viewjob?jk=64d8b15c07261525
Entry Level Python Developer,NR Consulting LLC,"Mountain View, CA",https://www.indeed.com/viewjob?jk=4c288266d296de12
Python Developer,ING,"New York, NY",https://www.indeed.com/viewjob?jk=cb0c1c718d2269bc
"Data Engineer (Python, DataOps, MLOps)",HotSchedules,"Sofia, NM",https://www.indeed.com/viewjob?jk=b03cebbedb53c142
Sr. Python Developer,Piper Companies,+1 locationRemote,https://www.indeed.com/viewjob?jk=8d116f7723fff683
"Specialist, Transmission",Vestas,"Portland, OR",https://www.indeed.com/viewjob?jk=7c531a3eb1a109d0
Python Developer,Congruent Info-Tech,"Bellevue, WA 98007 (Lake Hills area)",https://www.indeed.com/viewjob?jk=d3bed7cda41d9f8f
Python Developer,All Lines Technology,"Pittsburgh, PA 15222 (Strip District area)",https://www.indeed.com/viewjob?jk=8abb3ac891c01af1
Research Analyst,State of Hawaii,"Oahu Island, HI+1 location",https://www.indeed.com/viewjob?jk=83d9f77b8c0eb44c
Data Scientist,Axle Informatics,"Rockville, MD 20852+3 locations",https://www.indeed.com/viewjob?jk=12e53a1df6af6949
Python Developer,Gallup,"Lincoln, NE+3 locations•Remote work available",https://www.indeed.com/viewjob?jk=87814d2e73f154ab
Engineering Manager,Google,"Los Angeles, CA (Venice area)+15 locations",https://www.indeed.com/viewjob?jk=0bb15b1214b5a4f8
Entry Level Business Analyst-Remote,Agama Solutions,+2 locationsRemote,https://www.indeed.com/viewjob?jk=6f6a1c18da31655b
Full Stack Developer,Underdog.io,"New York, NY+1 location",https://www.indeed.com/viewjob?jk=2df0564df7756395
Software Engineer (Python),Epoch Capital,"New York, NY",https://www.indeed.com/viewjob?jk=c999f5cd528da983
DATA ENGINEER - PYTHON,InspiHER Tech,Remote,https://www.indeed.com/viewjob?jk=3eb413ec2cc83e4c
Python Developer,Connvertex Technologies Inc.,"Newport Beach, CA",https://www.indeed.com/viewjob?jk=112cef83e69bdce1
Jr Python Automation,Qcentrio,"Houston, TX",https://www.indeed.com/viewjob?jk=f4cea755eb179b6b
Python Developer,Novogradac & Company,"Austin, TX+5 locations",https://www.indeed.com/viewjob?jk=88c198d6dda39615
Python Embedded Software Developer,Siemens,"Poland, ME•Remote work available",https://www.indeed.com/viewjob?jk=f1bfe015bdfa0ca6
Software Development Engineer (Python),"JPMorgan Chase Bank, N.A.","New York, NY+114 locations",https://www.indeed.com/viewjob?jk=4d0ae542b08562de
Software Engineer- Python,FocusKPI Inc.,"San Bruno, CA•Remote",https://www.indeed.com/viewjob?jk=abc1a08d6aa81cc3
Python Tester,Qcentrio,"San Diego, CA",https://www.indeed.com/viewjob?jk=16a41965d5716cd6
Hadoop/Python Developer,Keyseries,"North Haven, CT",https://www.indeed.com/viewjob?jk=1b7e89c876c8ac49
Statistical Scientist (Biotechnology),Bayer,"St. Louis, MO+1 location",https://www.indeed.com/viewjob?jk=33e4910de21491b0
"Staff Data Scientist, Virtual HQ",Slack,"San Francisco, CA•Remote work available",https://www.indeed.com/viewjob?jk=bc9e0962952047dd
Backend Engineer,GOAT,"Los Angeles, CA+1 location",https://www.indeed.com/viewjob?jk=3404d9b11f3b3c00
Support Opportunities,RStudio,"Seattle, WA•Remote",https://www.indeed.com/viewjob?jk=2c26339484d5141f
JUNIOR SOFTWARE DEVELOPER,Fundamental Interactions,"New York, NY",https://www.indeed.com/viewjob?jk=5818da0abdfd4009
JavaScript / Python Developer,ICF,"Fairfax, VA 22031•Remote",https://www.indeed.com/viewjob?jk=587cc4d2228876c3
Data Scientist,Intel,"Hillsboro, OR 97124+6 locations",https://www.indeed.com/viewjob?jk=d71016607b578030
Python (Django/Flask) Developer,Trood,"New York, NY 10272 (Financial District area)+1 location",https://www.indeed.com/viewjob?jk=a5fe3ba2a2ecdbe2
Machine Learning and Robotics Software Engineer,Apple,"Cupertino, CA+74 locations",https://www.indeed.com/viewjob?jk=2bb749b6fa602d3b
Python Developer,Swan Software Solutions,"Carmel, IN",https://www.indeed.com/viewjob?jk=32eaa9e1e80e8c5d
"Learning Assistant - CyberSecurity Program (Remote, US)",Trilogy Instructional Engagement,New York State•Remote,https://www.indeed.com/viewjob?jk=e296efde2daf5573
Ground Software — Associate Engineer (Summer/Fall 2022),Astranis,"San Francisco, CA+4 locations",https://www.indeed.com/viewjob?jk=2c9dfb88724c0d1b
Python Developer,Moove-it,Remote,https://www.indeed.com/viewjob?jk=30d2deae65d78d38
Data Analyst I,Wawa,"Wawa, PA",https://www.indeed.com/viewjob?jk=9fd7ad11909849c0
Python Engineer/Developer (Remote),"Impact Recruiting, LLC","Forest Grove, OR 97116•Remote",https://www.indeed.com/viewjob?jk=6099fca6314e88f2
Junior AWS DevOps,Rhombus Power,"Mountain View, CA+1 location",https://www.indeed.com/viewjob?jk=24747ed66d84dd7d
C++ Developer (Associate),Alpha Beta Investments,"New York, NY 10017 (Midtown area)",https://www.indeed.com/viewjob?jk=926ef0befeaa8130
PYTHON DEVELOPER,Netresolute,"Philadelphia, PA",https://www.indeed.com/viewjob?jk=ed8dbcbf202e6f4e
Junior Software Engineer,Alloy,"New York, NY",https://www.indeed.com/viewjob?jk=813829bb6c109643
Senior Python Developer,JLL,"Boston, MA",https://www.indeed.com/viewjob?jk=b97a286e01dc2400
PYTHON DEVELOPER,OC10,"Charlotte, NC 28202 (Downtown Charlotte area)",https://www.indeed.com/viewjob?jk=f26b8209c93fdd28
Backend Python Programmer,AUTOSOL,"Houston, TX 77062 (Clear Lake area)•Remote",https://www.indeed.com/viewjob?jk=c019d33439d78da2
Algorithms / Development Scientist,Nova Measuring Instruments,"Fremont, CA 94538",https://www.indeed.com/viewjob?jk=0e89c0e3147f8857
Software Engineer Apprentice,wepay,"Redwood City, CA 94063 (Downtown area)+1 location",https://www.indeed.com/viewjob?jk=4d532361313682c1
Researcher,Nissan,"Silicon Valley, CA",https://www.indeed.com/viewjob?jk=1864f344a860080b
Python Software Engineer (Remote),Charles Schwab,"Lone Tree, CO 80124•Remote work available",https://www.indeed.com/viewjob?jk=6fc5bea02b7e747b
Junior Data Scientist,PIÑATA SCIENCES,"Boston, MA",https://www.indeed.com/viewjob?jk=7ee6e4997258f140
Airflow Python Developer,Six Feet Up Inc.,"Fishers, IN",https://www.indeed.com/viewjob?jk=6f2fc56612850e6a
"Associate, YouTube",YouTube,"New York, NY",https://www.indeed.com/viewjob?jk=a19d5d6e71bffeee
GUCCI Advanced Analytics Specialist - Supply Chain,Gucci,"New York, NY+1 location",https://www.indeed.com/viewjob?jk=5ceb21d1d5a5aed3
Python Developer,Knight Capital Funding,"Fort Lauderdale, FL 33301 (Colee Hammock area)•Remote",https://www.indeed.com/viewjob?jk=995b942e7b4f8aa7
Python Developer (100% Remote),Denken Solutions Inc,Remote,https://www.indeed.com/viewjob?jk=50247303a7c7f7c8
Python Developer,Deloitte,"Boston, MA 02116 (Back Bay area)+126 locations",https://www.indeed.com/viewjob?jk=800f8489ea8746dc
Entry Level - Associate Data Scientist (Commercial),IBM,"New York, NY 10001 (Chelsea area)+1 location",https://www.indeed.com/viewjob?jk=7874672122fb9f3a
Python Developer,"JPMorgan Chase Bank, N.A.","Houston, TX+31 locations",https://www.indeed.com/viewjob?jk=a4536efd47fdf660
Engineering Manager,Google,"Los Angeles, CA (Venice area)+15 locations",https://www.indeed.com/viewjob?jk=0bb15b1214b5a4f8
Data Fellow - Remote - US,McClatchy,+1 locationRemote,https://www.indeed.com/viewjob?jk=5780b7b923b7dbf1
Full Stack Developer,Underdog.io,"New York, NY+1 location",https://www.indeed.com/viewjob?jk=2df0564df7756395
"Corporate Operations Engineer, Scaling and Automation",Google,"New York, NY (Chelsea area)+1 location",https://www.indeed.com/viewjob?jk=b84b606d66601d78
"Data Analyst, University Graduate - 2022 Start",TikTok,"Mountain View, CA 94041 (Old Mountain View area)+10 locations",https://www.indeed.com/viewjob?jk=9ad119417b53fe9d
Support Engineer,DeepSurface Security,"Portland, OR•Remote",https://www.indeed.com/viewjob?jk=44653cd4f30a1b46
"Software Developer II, Python",Vertical Knowledge,"Chagrin Falls, OH•Remote",https://www.indeed.com/viewjob?jk=e3c9f7c351756d8a
DATA SCIENTIST - PYTHON,InspiHER Tech,Remote,https://www.indeed.com/viewjob?jk=34b0ed38fd0fc727
Software Engineering MTS,Salesforce,+119 locationsRemote,https://www.indeed.com/viewjob?jk=fe9637e432b9edfa
"Data Engineer (Python, DataOps, MLOps)",HotSchedules,"Sofia, NM",https://www.indeed.com/viewjob?jk=b03cebbedb53c142
"Software Engineer (Python, Django, Databricks, AWS)",Amex,"Atlanta, GA+1 location",https://www.indeed.com/viewjob?jk=113de12ce903e380
Python Developer,Techment Technology,United States,https://www.indeed.com/viewjob?jk=c3325e288b8776f4
Game Designer,Microsoft,"Redmond, WA 98052 (Overlake area)",https://www.indeed.com/viewjob?jk=aaed53f15fec23d2
"Staff Data Scientist, Freemium",Spotify,"New York, NY+7 locations•Remote",https://www.indeed.com/viewjob?jk=17f9bfaefbd4b5b9
Member of Technical Staff,Andreessen Horowitz,"Menlo Park, CA 94025",https://www.indeed.com/viewjob?jk=11c9912e69c519ba
Jr. Software Engineer,Carbon Lighthouse,Remote,https://www.indeed.com/viewjob?jk=df219f481487fe1a
INFORMATION TECHNOLOGY CONSULTANT,California State University,"Los Angeles, CA 90032 (El Sereno area)",https://www.indeed.com/viewjob?jk=6b7b4926373f57fa
Python Engineer/Developer (Remote),"Impact Recruiting, LLC","Forest Grove, OR 97116•Remote",https://www.indeed.com/viewjob?jk=6099fca6314e88f2
Junior Penetration Tester USA Remote,BreachLock,Florida•Remote,https://www.indeed.com/viewjob?jk=1256f1d0f5d5af0c
Python Developer,Snap IT Solutions,"Houston, TX 77099 (Alief area)",https://www.indeed.com/viewjob?jk=0e10fe734c597c75
Software Development Engineer in Test,opentext,"Broomfield, CO 80021 (Interlocken area)+3 locations",https://www.indeed.com/viewjob?jk=82f54aacf9e99f12
Junior Engineer,Bay Area Rapid Transit,"Oakland, CA 94604 (Downtown area)",https://www.indeed.com/viewjob?jk=be51dd1762e64125
Crypto Derivative Trader,Celsius,"Manhattan, NY",https://www.indeed.com/viewjob?jk=47462eac124a72f0
Python Developer,RFA Engineering,"Des Moines, IA 50309 (Downtown area)+2 locations",https://www.indeed.com/viewjob?jk=e810492dcb7c1399
Python Backend Developer (Remote),Parlance,Remote,https://www.indeed.com/viewjob?jk=c2437828c44a5ef9
Python-Developers,Celandyne Software Solutions,"Santa Clara, CA 95050",https://www.indeed.com/viewjob?jk=e004e922fdd74fe6
Python Developer,Onsharp,"Fargo, ND 58102 (Downtown area)+1 location",https://www.indeed.com/viewjob?jk=72dd37aa7b2fc2cf
2022 Business Analyst FTE,Amazon.com Services LLC,"Seattle, WA+78 locations",https://www.indeed.com/viewjob?jk=dfc8a3163469a524
Senior Python Developer,OMBU,"Portland, OR 97214 (Buckman area)•Remote",https://www.indeed.com/viewjob?jk=d13b06d1113de40c
Data Scientist (Remote),f5,"San Jose, CA+2 locations•Remote",https://www.indeed.com/viewjob?jk=9f1709cd97fb55b2
Jr. Python Developer,"Futrend Technology, Inc.","Rockville, MD 20852",https://www.indeed.com/viewjob?jk=fa3d353e397a3250
Engineering Opportunities,RStudio,"Seattle, WA•Remote",https://www.indeed.com/viewjob?jk=f30a28ed7d8cf1fe
DATA ANALYST,InspiHER Tech,Remote,https://www.indeed.com/viewjob?jk=4842f3e5cde55a12
Product Analyst,Atomic,Remote,https://www.indeed.com/viewjob?jk=edc7dcbcf412d8bd
Network/Python Engineer,John Deere,"Moline, IL 61265•Remote work available",https://www.indeed.com/viewjob?jk=84aa439cd1d0ee86
"Staff Data Scientist, Virtual HQ",Slack,"San Francisco, CA•Remote work available",https://www.indeed.com/viewjob?jk=bc9e0962952047dd
Content Writer,Six Feet Up Inc.,"Fishers, IN•Remote",https://www.indeed.com/viewjob?jk=691f751ee7f5d5f6
Robotics Engineer,Robby Technologies,"Palo Alto, CA",https://www.indeed.com/viewjob?jk=a6456a8f09ab6e0d
Python Developer,Connvertex Technologies Inc.,"Newport Beach, CA",https://www.indeed.com/viewjob?jk=112cef83e69bdce1
Software Engineer,ANDURIL INDUSTRIES,"Costa Mesa, CA+6 locations",https://www.indeed.com/viewjob?jk=6a8c586ac5ab0288
Experienced Python/Django Contractor,stackbuilders,"New York, NY 10016 (NoMad area)•Remote",https://www.indeed.com/viewjob?jk=3ca8847c8187fe73
Data Scientist - Entry Level,Lawrence Livermore National Laboratory,"Livermore, CA 94550+1 location",https://www.indeed.com/viewjob?jk=3ffb79b589d7ea3e
Entry Level Data Analyst,FieldLevel,California•Remote,https://www.indeed.com/viewjob?jk=f7a086d756a6fb76
Data Scientist,Insurity,Remote,https://www.indeed.com/viewjob?jk=446be1f0d696f2fd
Mental Health & Well-being Computational Scientist,Apple,"Cupertino, CA",https://www.indeed.com/viewjob?jk=60f24c4f9c0808f1
Cybersecurity Analyst (SOC),"Apex Technology Management, Inc.","Redding, CA 96002",https://www.indeed.com/viewjob?jk=c2cfa4f9f1d73c01
Python Developer,Nexient,United States+1 location•Remote work available,https://www.indeed.com/viewjob?jk=781871281f162f5e
Software Engineer,Techcyte,"Orem, UT 84057•Remote",https://www.indeed.com/viewjob?jk=4b8948850120501e
Research Associate—NGS,Patch Biosciences,"New York, NY 10014 (SoHo area)•Remote",https://www.indeed.com/viewjob?jk=ec7efb2aa31c56e8
Python Developer - Remote,CentralSquare Technologies,United States•Remote,https://www.indeed.com/viewjob?jk=d24c81990f7b75fc
Consultant - Delivery,GE Healthcare,Illinois•Remote,https://www.indeed.com/viewjob?jk=38f39f5ae1f8beb8
Sr. Python Engineer,Piper Companies,North Carolina+1 location•Remote,https://www.indeed.com/viewjob?jk=55f9edfb663622c9
Data Analyst (Python),Qcentrio,+1 locationRemote,https://www.indeed.com/viewjob?jk=d1218a12442b5c05
Associate Solutions Architect – Early Career 2022 (US),"Amazon Web Services, Inc.","Herndon, VA+126 locations",https://www.indeed.com/viewjob?jk=3905541e1957ec4a
"Manager, Vulnerability Research",BitSight,"Boston, MA 02199 (Back Bay area)+1 location•Remote",https://www.indeed.com/viewjob?jk=07e127a690107652
Clinical Data Scientist,"Vizient, Inc.",+2 locationsRemote,https://www.indeed.com/viewjob?jk=b482a789d0c3e539
"UX Engineer, Front End, Early Career",Google,"San Francisco, CA+3 locations",https://www.indeed.com/viewjob?jk=bce1cc9db3680333
Python Web Services Engineer with Django Experience,"Panic, Inc.",Remote,https://www.indeed.com/viewjob?jk=5d45110ea68971e6
Data Scientist - Python,Visa,"Austin, TX+9 locations",https://www.indeed.com/viewjob?jk=b29d15829f2a3c27
Python Developer,Fults & Associates,"Grapevine, TX",https://www.indeed.com/viewjob?jk=724d43dd753723a7
Python Developer,Financial Information Technologies LLC,"Tampa, FL 33607",https://www.indeed.com/viewjob?jk=1869997427ff9bfc
Junior C++ Developer - Multiple Openings,GTS,"New York, NY 10022 (Midtown area)",https://www.indeed.com/viewjob?jk=3508816294de00bb
Jr. Software Engineer,Carbon Lighthouse,Remote,https://www.indeed.com/viewjob?jk=df219f481487fe1a
Crypto Derivative Trader,Celsius,"Manhattan, NY",https://www.indeed.com/viewjob?jk=47462eac124a72f0
Junior Database Administrator,MonitorBase,"Salt Lake City, UT",https://www.indeed.com/viewjob?jk=acb888560ce71252
Junior Software Engineer,SpinCar,"New York, NY 10001 (Chelsea area)",https://www.indeed.com/viewjob?jk=c4dd1929f3409f7f
Cybersecurity Consultant,Clango,"Johnstown, PA",https://www.indeed.com/viewjob?jk=30e6656360b180e0
Junior Data Scientist,Knowable,"Washington, DC•Remote",https://www.indeed.com/viewjob?jk=4f5b73c79919afde
Junior Python Developer,Haynes Futures LLC,"Lorton, VA 22079",https://www.indeed.com/viewjob?jk=211996a23c2e5a66
INFORMATION TECHNOLOGY CONSULTANT,California State University,"Los Angeles, CA 90032 (El Sereno area)",https://www.indeed.com/viewjob?jk=6b7b4926373f57fa
Campus Recruitment - 2022 Full Time Software Engineer,Amex,"New York, NY",https://www.indeed.com/viewjob?jk=2fb9d8676ea98adc
Research Scientist,Center for Advanced Imaging Innovation and...,"Manhattan, NY 10016 (Gramercy area)",https://www.indeed.com/viewjob?jk=ea9cce00907f8025
"software engineer II (Seattle, Chicago, Phoenix, or Remote)",Starbucks,"Seattle, WA•Remote",https://www.indeed.com/viewjob?jk=b2747cbeea322d5b
Python/React Front End Developer,AZUL PARTNERS,"Chicago, IL 60611 (Near North Side area)•Remote",https://www.indeed.com/viewjob?jk=007d9e472d67cdb0
Data & Visualization Engineer,Levi Strauss & Co.,"San Francisco, CA (Financial District/South Beach area)+2 locations",https://www.indeed.com/viewjob?jk=6fdb40abb20d6f48
2022 Business Analyst FTE,Amazon.com Services LLC,"Seattle, WA+78 locations",https://www.indeed.com/viewjob?jk=dfc8a3163469a524
Software Engineer,Google,"Mountain View, CA+20 locations",https://www.indeed.com/viewjob?jk=24e2911d8256b2b4
Software Engineer - Entry Level,Ford Motor Company,"Allen Park, MI+7 locations",https://www.indeed.com/viewjob?jk=7f360ce1c12c3a62
Engineering Opportunities,RStudio,"Seattle, WA•Remote",https://www.indeed.com/viewjob?jk=f30a28ed7d8cf1fe
Support Python/Java,"JPMorgan Chase Bank, N.A.","New York, NY",https://www.indeed.com/viewjob?jk=49b0bae76b8a2813
Data Scientist,MOLOCO,"Redwood City, CA 94063 (Middlefield area)",https://www.indeed.com/viewjob?jk=a246aef0dc3e6b79
Commodities Strat,Morgan Stanley,"New York, NY",https://www.indeed.com/viewjob?jk=3c50914e96815c89
Postdoctoral Associate,Baylor College of Medicine,"Houston, TX 77030 (Medical Center area)+5 locations",https://www.indeed.com/viewjob?jk=e5a073591f2b0f38
Next Generation Sequencing Scientist (contract),Pfizer,"Andover, MA 01810+2 locations",https://www.indeed.com/viewjob?jk=d2cb78b9e1e5a0c1
New Graduate Software Engineer (San Francisco),"Discovery, Inc.","San Francisco, CA 94105 (Financial District/South Beach area)+1 location",https://www.indeed.com/viewjob?jk=70f18db1edbb4d87
Red Team Operator & Penetration Tester,Federal Reserve Bank of Richmond,Remote,https://www.indeed.com/viewjob?jk=ae857deb8097caaf
Entry Level Software Developer,Property Matrix,"Van Nuys, CA+8 locations",https://www.indeed.com/viewjob?jk=c493c32b5ff7a1eb
Mechanical Engineer – Analyst,TAE TECHNOLOGIES INC,"Foothill Ranch, CA 92610+1 location",https://www.indeed.com/viewjob?jk=3501b587918d5f82
Data Analyst,Honk,Remote,https://www.indeed.com/viewjob?jk=d683083ef3f9cf8b
Software Engineering MTS,Salesforce,+119 locationsRemote,https://www.indeed.com/viewjob?jk=fe9637e432b9edfa
Research Scientist (Remote),KenSci Inc.,"Seattle, WA 98101 (Downtown area)•Remote",https://www.indeed.com/viewjob?jk=decf4d484f5e1f2f
"Senior Data Engineer, Python",Computer Staff,"Houston, TX",https://www.indeed.com/viewjob?jk=a12c1f8d3015b478
"Threat Investigator, Information Operations",Facebook App,+4 locationsRemote,https://www.indeed.com/viewjob?jk=7e238bc952d88a89
Data Engineer - Remote,Essentia Health,"Duluth, MN 55805 (Central Hillside area)•Remote",https://www.indeed.com/viewjob?jk=b4c56cc94d64733e
Associate Data Engineer,Activate Care,"Boston, MA 02109 (Haymarket area)+2 locations",https://www.indeed.com/viewjob?jk=8a205923b4448b85
Python Developer,Avani Systems,"Newark, DE",https://www.indeed.com/viewjob?jk=2adef6dc99e86686
Junior Web Developer,HealPay,"Ann Arbor, MI+1 location",https://www.indeed.com/viewjob?jk=84e78087102e5db1
Python Developer,Convazant,"Sunnyvale, CA",https://www.indeed.com/viewjob?jk=3bd86e0ab712b364
Python Developer,Fults & Associates,"Grapevine, TX",https://www.indeed.com/viewjob?jk=724d43dd753723a7
"Data & Insights, Profile and Activation Consultant",Adobe,"San Francisco, CA+2 locations",https://www.indeed.com/viewjob?jk=60f8dfe5081597a3
Data Analyst,PayPal,"San Jose, CA 95131 (North Valley area)",https://www.indeed.com/viewjob?jk=15481f841832e608
Data Analyst,Superpedestrian,"San Francisco, CA+6 locations•Remote",https://www.indeed.com/viewjob?jk=bb0368e7e6964f62
Cybersecurity Analyst,Dana Incorporated,"Novi, MI",https://www.indeed.com/viewjob?jk=f8b15110655d54bd
Python Software Engineer (Remote),Charles Schwab,"Lone Tree, CO 80124•Remote work available",https://www.indeed.com/viewjob?jk=6fc5bea02b7e747b
Data Analyst,Veho,Remote,https://www.indeed.com/viewjob?jk=7458427eab02c2ec
Windows Systems Engineer,Facebook App,+13 locationsRemote,https://www.indeed.com/viewjob?jk=5c5301e8c7a17be4
Junior Data Scientist,PIÑATA SCIENCES,"Boston, MA",https://www.indeed.com/viewjob?jk=7ee6e4997258f140
"Lead Data Scientist (Python, R)",opentext,"Alpharetta, GA+1 location",https://www.indeed.com/viewjob?jk=ad305dc4f56b09fa
Operating Systems Analyst,California State University,"Stanislaus, CA+1 location",https://www.indeed.com/viewjob?jk=d8da99d6c80d4215
Data Scientist,National Geospatial-Intelligence Agency,"Springfield, VA 22150",https://www.indeed.com/viewjob?jk=c5bf60a845c32b0d
Junior Data Scientist,HarperCollins Publishers,"New York, NY 10007 (Financial District area)",https://www.indeed.com/viewjob?jk=5fa62b9fee306984
Technical Support Engineer (Phantom)- Remote,Splunk,"Alameda, CA 94501+75 locations•Remote",https://www.indeed.com/viewjob?jk=70ca0d1398ef6a76
Platform Engineer (Remote),Cargill,"Hopkins, MN 55343+1 location•Remote",https://www.indeed.com/viewjob?jk=6ce87347df95b337
Software Engineer - Apex Legends Mobile,Electronic Arts,"Los Angeles, CA+16 locations",https://www.indeed.com/viewjob?jk=1d5d1834f4fc40d0
Python Developer,Knight Capital Funding,"Fort Lauderdale, FL 33301 (Colee Hammock area)•Remote",https://www.indeed.com/viewjob?jk=995b942e7b4f8aa7
"Hardware Test Engineer, Engineering Labs, Google Cloud",Google,"Mountain View, CA+13 locations",https://www.indeed.com/viewjob?jk=aeab188fed2de452
Backend Developer,Boston Children's Hospital,"Boston, MA",https://www.indeed.com/viewjob?jk=8e62706974971556
PYTHON DEVELOPER,Netresolute,"Philadelphia, PA",https://www.indeed.com/viewjob?jk=ed8dbcbf202e6f4e
Live Ops Analyst,Epic Games,"Cary, NC",https://www.indeed.com/viewjob?jk=d1f1340b39b9b17f
Python Developer,Open Systems Technologies Corporation,"Quantico, VA 22134+1 location",https://www.indeed.com/viewjob?jk=a41febeb311cab08
New College Grad/Entry Level Engineer - Software or Hardware...,Ampere Computing,"Santa Clara, CA 95054+2 locations",https://www.indeed.com/viewjob?jk=096289d367dcc634
Entry-Level Computer Engineer,Opal Kelly,"Portland, OR 97223",https://www.indeed.com/viewjob?jk=a2e8830485cc2dd9
Backend Engineer,BioDigital,"New York, NY•Remote",https://www.indeed.com/viewjob?jk=8d2197165f0bb443
Python (Django/Flask) Developer,Trood,"New York, NY 10272 (Financial District area)+1 location",https://www.indeed.com/viewjob?jk=a5fe3ba2a2ecdbe2
Data Scientist,T-Mobile,"Bellevue, WA 98008 (Eastgate area)+3 locations",https://www.indeed.com/viewjob?jk=e896bf0be5b141ca
Backend Software Engineer (Stores Team),Standard Cognition,+4 locationsRemote,https://www.indeed.com/viewjob?jk=524daa2be75ac71d
Python Developer Anywhere,Santex Group,United States,https://www.indeed.com/viewjob?jk=040f2c487a3dd6d3
"Jr. Developer [Python, SQL, Javascript]","Horizon Media, Inc.","New York, NY",https://www.indeed.com/viewjob?jk=763ce5d7d99a83be
PYTHON DEVELOPER,OC10,"Charlotte, NC 28202 (Downtown Charlotte area)",https://www.indeed.com/viewjob?jk=f26b8209c93fdd28
Software Engineer,Microsoft,"Redmond, WA 98052 (Overlake area)+26 locations•Remote",https://www.indeed.com/viewjob?jk=5c2e320e1abb7920
Data Curator/Analyst,Pharm3r,Remote,https://www.indeed.com/viewjob?jk=2331723f774af472
Junior Developer - Python,Akuna Capital,"Chicago, IL",https://www.indeed.com/viewjob?jk=6e3ee651f6758fe9
Back-End Software Developer,IBM,"Austin, TX 73301 (St Edwards area)+6 locations",https://www.indeed.com/viewjob?jk=acb96ddc2555ae7e
Data Scientist,University of Michigan,"Ann Arbor, MI 48109+1 location",https://www.indeed.com/viewjob?jk=7aca8f7e4311d173
"Performance Engineer, Apple Pay",Apple,"New York, NY+20 locations",https://www.indeed.com/viewjob?jk=1f1312f8f5de50d3
Hadoop/Python Developer,Keyseries,"North Haven, CT",https://www.indeed.com/viewjob?jk=1b7e89c876c8ac49
"Collection Specialist, DeFi",Chainalysis,New York State•Remote,https://www.indeed.com/viewjob?jk=986e81ac6be16302
Python/SQL Developer,IDM People,"Township of Hamilton, NJ 08619",https://www.indeed.com/viewjob?jk=967a405ee33c49d4
Full Stack Python/Django Developers w/ JavaScript Experience,stackbuilders,"New York, NY 10016 (NoMad area)",https://www.indeed.com/viewjob?jk=328f7f73b2091dbc
Junior Software Engineer,SpinCar,"New York, NY 10001 (Chelsea area)",https://www.indeed.com/viewjob?jk=c4dd1929f3409f7f
Data Scientist,OnlineMedEd,Remote,https://www.indeed.com/viewjob?jk=19e9adc4c0d37413
Python Developer - Remote,CentralSquare Technologies,United States•Remote,https://www.indeed.com/viewjob?jk=d24c81990f7b75fc
Software Engineer (PHP/Python),Catchpoint,Remote,https://www.indeed.com/viewjob?jk=e06b448fecf5553d
"Backend Engineering, Apprenticeship (Remote)",Fetch Rewards,Wisconsin+1 location•Remote,https://www.indeed.com/viewjob?jk=d643f30e39da9c10
Database Administrator,Intel,"Santa Clara, CA 95052",https://www.indeed.com/viewjob?jk=9627572a8ba721ea
Network Developer 3,Oracle,United States+4 locations,https://www.indeed.com/viewjob?jk=ce0908907ec51c18
Python Developer,Zebra Technologies,"Holtsville, NY 11742",https://www.indeed.com/viewjob?jk=c71fddf91ba6f416
Software Engineers & Web Developers,1DocWay,"New York, NY",https://www.indeed.com/viewjob?jk=597b9830f39b5420
"Research Associate, Analytical Chemistry / Compound Manageme...","Neomorph, Inc","San Diego, CA 92121 (Sorrento Valley area)",https://www.indeed.com/viewjob?jk=54a206e5643fbd09
Postdoctoral Research Assistant,California State University,"Northridge, CA 91330",https://www.indeed.com/viewjob?jk=f02cc4561cff5551
"Business intelligence Analyst (I, II, or Senior) REMOTE",Essentia Health,"Duluth, MN 55805 (Central Hillside area)+3 locations•Remote",https://www.indeed.com/viewjob?jk=6da0faa7a0654a24
Biometrician,Weyerhaeuser,United States•Temporarily Remote,https://www.indeed.com/viewjob?jk=5e4412f1a2ee0281
"Junior Animator San Francisco, CA",Industrial Light & Magic,"San Francisco, CA+1 location",https://www.indeed.com/viewjob?jk=e1fad976b2bb3de8
Junior Engineer,wpromote,Remote,https://www.indeed.com/viewjob?jk=21ebe479a0b1ab2e
Customer Success Engineer,Xage Security,"Palo Alto, CA 94306 (Evergreen Park area)",https://www.indeed.com/viewjob?jk=cedad091c26ca084
DATA ANALYTICS PATIENT AND EMPLOYEE EXPERIENCE - HOAG EXPERI...,Hoag Memorial Hospital Presbyterian,"Newport Beach, CA 92663",https://www.indeed.com/viewjob?jk=d9efa01e216a7096
"Backend Engineer, Billing",Pinterest,"San Francisco, CA 94103 (South of Market area)+3 locations",https://www.indeed.com/viewjob?jk=c99d340d99204861
Junior Software Engineer,DIRECTV,"El Segundo, CA•Remote",https://www.indeed.com/viewjob?jk=3f46b6655fd3472c
Software Engineer (PHP/Python),Catchpoint,Remote,https://www.indeed.com/viewjob?jk=e06b448fecf5553d
Research Engineer,Baylor University,"Waco, TX 76704 (Timbercrest area)",https://www.indeed.com/viewjob?jk=ac659dcde8b61538
Data Scientist,T-Mobile,"Bellevue, WA 98008 (Eastgate area)+3 locations",https://www.indeed.com/viewjob?jk=e896bf0be5b141ca
Coach para Certificado de Análisis de Datos,Laboratoria,Remote,https://www.indeed.com/viewjob?jk=6b812537e8d272a3
"Backend Engineer, Perception",Snapchat,"Los Angeles, CA 90291 (Venice area)+2 locations",https://www.indeed.com/viewjob?jk=ae4f23b48d0d4026
Software Engineer-All Levels,Comparenetworks Inc,Remote,https://www.indeed.com/viewjob?jk=b19828e22df46f38
Data Engineer,The New York Times,"New York, NY+1 location",https://www.indeed.com/viewjob?jk=c30c3f753af35a48
Software Engineer I,"Grubhub Holdings, Inc.","New York, NY 10018 (Garment District area)+2 locations",https://www.indeed.com/viewjob?jk=56df230b0aa02fbf
Python Developer,Velvetech,"Northbrook, IL 60062",https://www.indeed.com/viewjob?jk=0b62ff075ce8b923
"Design Verification Engineer, University Graduate",Google,"Austin, TX (Downtown area)+3 locations",https://www.indeed.com/viewjob?jk=897e379dfdfb724d
Research Scientist,Megagon Labs,"Mountain View, CA",https://www.indeed.com/viewjob?jk=3503876c2c747b48
Data Scientist & ML/AI Engineer - Remote,Teramind,Remote,https://www.indeed.com/viewjob?jk=dcee3c93c16342af
"Data Scientist, TV",Roku,"San Jose, CA",https://www.indeed.com/viewjob?jk=9692be7367ea1484
Python Developer,Qcentrio,"Austin, TX",https://www.indeed.com/viewjob?jk=3f51334f3c26d985
Algorithmic Market Making Quantitative Analyst,Citi,"New York, NY",https://www.indeed.com/viewjob?jk=ff0214a4c9f3ed33
"Software Engineer, Junior",TDI Novus,"Philadelphia, PA 19112 (Marconi Plaza-Packer Park area)+1 location",https://www.indeed.com/viewjob?jk=84d5281bd5bf7780
Technical Team Lead,Anomali,United States•Remote,https://www.indeed.com/viewjob?jk=1f71d27c381f2587
Python/Fullstack Developer,Veridic Solutions,"New York, NY",https://www.indeed.com/viewjob?jk=ae6867e93e0c3cf2
Senior Applied Scientist,NVIDIA,"Santa Clara, CA•Remote",https://www.indeed.com/viewjob?jk=730460364cf7b7d8
Data Specialist,YipitData,New York State•Remote work available,https://www.indeed.com/viewjob?jk=99aaf2d66679bf6a
Python Developer,Indus Group,United States,https://www.indeed.com/viewjob?jk=67008ecde32d356f
Analyst-Risk & Info Management,Amex,"New York, NY+9 locations",https://www.indeed.com/viewjob?jk=cafdd5c594ef21b5
Onsite Positions,Lumium,"Sunnyvale, CA",https://www.indeed.com/viewjob?jk=c6fab4100995de1c
Software Developer – Entry Level,Grant Street Group,Remote,https://www.indeed.com/viewjob?jk=f2cd3d393311a9b5
University Grad Software Engineer (USA),Pinterest,"Seattle, WA 98101 (Denny Triangle area)+7 locations",https://www.indeed.com/viewjob?jk=88cfddd4b66f1eb6
SFDC Expert,Ars Quanta,"Seattle, WA•Remote",https://www.indeed.com/viewjob?jk=ce3dd8c7b4bcc26e
"Data Scientist, Game Analytics & Strategy",the NBA,"New York, NY 10022 (Midtown area)+1 location",https://www.indeed.com/viewjob?jk=ecfd94ad120e8423
Robotics Engineer,Robby Technologies,"Palo Alto, CA",https://www.indeed.com/viewjob?jk=a6456a8f09ab6e0d
Data Analyst - Tiktok Ads,TikTok,"Seattle, WA+10 locations",https://www.indeed.com/viewjob?jk=ea2bf81d89f746f0
Machine Learning Engineer,Double River Investments Limited,Remote,https://www.indeed.com/viewjob?jk=bb1cf2320fd7fc69
Research Associate,University of Texas at Austin,"Austin, TX 78712 (University of Texas area)+5 locations",https://www.indeed.com/viewjob?jk=bc77a584b9cc3ca5
Research Analyst,Amun 21Shares,"New York, NY",https://www.indeed.com/viewjob?jk=4dc28d3396d46c91
2022 - Real world data analytics & innovation Co-op,Merck,"West Point, PA",https://www.indeed.com/viewjob?jk=f616f90e62fa0ec7
Data Scientist - Entry Level,Lawrence Livermore National Laboratory,"Livermore, CA 94550+1 location",https://www.indeed.com/viewjob?jk=3ffb79b589d7ea3e
"Senior Data Scientist, Slack Connect",Slack,"San Francisco, CA",https://www.indeed.com/viewjob?jk=111c9e5afb1179f1
"Scientist, Pharmacometrics",Johnson & Johnson Family of Companies,"Spring House, PA",https://www.indeed.com/viewjob?jk=9d41bd9706df976a
Software Engineer III - Python Developer,Bank of America,"New York, NY+2 locations",https://www.indeed.com/viewjob?jk=45f88cf81b0c4ba1
Junior Software Engineer,Feathr,Florida•Remote work available,https://www.indeed.com/viewjob?jk=8de70281e7157af3
Behavioral Data Scientist,Microsoft,"Dallas, TX+25 locations•Remote work available",https://www.indeed.com/viewjob?jk=2810f6cacd22054c
Jetson Embedded Computer Science and Robotics,NVIDIA,"Santa Clara, CA",https://www.indeed.com/viewjob?jk=35239c2ac68902e6
"Research Scientist, Algorithms, Fitbit",Fitbit,"San Francisco, CA 94105 (Financial District/South Beach area)+1 location",https://www.indeed.com/viewjob?jk=6fa49f67c3ee1708
Customer Success US,Levity,New York State•Remote,https://www.indeed.com/viewjob?jk=c52645e01276dafe
Senior Python Developer,Start Studio,"Provo, UT",https://www.indeed.com/viewjob?jk=f1043935ef736c23
Lead Research Engineer,Nerdify,"San Francisco, CA",https://www.indeed.com/viewjob?jk=23ce5b05867c68da
Data Engineer,Atruz Solutions,"New York, NY 10118 (Chelsea area)",https://www.indeed.com/viewjob?jk=1a618ff9a731e373
Structural Analyst and Research Engineer (6GD5-627 P1),BOEING,"Tukwila, WA",https://www.indeed.com/viewjob?jk=1374617c01816489
Python Developer,Kinetix Trading Solutions Inc,"Irving, TX 75039",https://www.indeed.com/viewjob?jk=026deb02c0cf998d
Systematic Quantitative Researcher,Pacific Investment Management Company LLC,"Newport Beach, CA",https://www.indeed.com/viewjob?jk=4c3c6312d76f7a89
Entry Level Software Developer,Smoothstack Inc,United States,https://www.indeed.com/viewjob?jk=c7876fd158837b5f
Python Developer,Zachary Piper Solutions,"Carrolton, CA+1 location•Remote work available",https://www.indeed.com/viewjob?jk=f579b01bcb48e666
Junior Data Scientist,Charles Schwab,"Westlake, TX•Remote work available",https://www.indeed.com/viewjob?jk=fa9cb3b5a72d9b45
Data Scientist,QuaEra,"New York, NY 10018 (Garment District area)",https://www.indeed.com/viewjob?jk=d3c27c70bf22d32e
Cybersecurity Research Support,National Renewable Energy Laboratory,"Golden, CO 80401+2 locations",https://www.indeed.com/viewjob?jk=b5caa62193b3ad15
Data Scientist 2,Expedia.com,"Seattle, WA 98119 (Queen Anne area)+4 locations",https://www.indeed.com/viewjob?jk=0031f955ad2b6d4b
Software Engineer,AppFolio,"Santa Barbara, CA 93117+9 locations",https://www.indeed.com/viewjob?jk=a331c2d11cbb34a7
Associate Aerodynamics Engineer,Virgin Galactic,"Mojave, CA 93501+2 locations•Remote work available",https://www.indeed.com/viewjob?jk=9de8b7be03389ab5
Software Engineer,Microsoft,"Austin, TX+26 locations",https://www.indeed.com/viewjob?jk=cb615ef47fbd7a50
Data Analyst,Hinge,"New York, NY 10010 (Park Slope area)",https://www.indeed.com/viewjob?jk=40b8b6e1a401db4d
Data Analyst,Vanguard,"Malvern, PA+4 locations",https://www.indeed.com/viewjob?jk=7dd866cacf865220
MACHINE LEARNING ENGINEER,DraftKings,"Boston, MA•Remote",https://www.indeed.com/viewjob?jk=4fac3b8b9d0aa9aa
Backend Developer,Tiqets,"Rome, OR",https://www.indeed.com/viewjob?jk=7120a21252be41d8
Python Developer,Clairvoyant,"Chandler, AZ 85226•Remote",https://www.indeed.com/viewjob?jk=c863b057044219e8
Healthcare Data Analyst,The University of Chicago,"Chicago, IL 60637 (Woodlawn area)+1 location",https://www.indeed.com/viewjob?jk=812ec3bde4ec4f5a
Sr. SW Automation Engineer - Payments (Python),Roku,"San Jose, CA+4 locations",https://www.indeed.com/viewjob?jk=2b8b6e5fba578b03
NLP - Data Scientist,Amex,"New York, NY+3 locations",https://www.indeed.com/viewjob?jk=dbdcb6322ae46be9
Research Neuroscientist,Leidos,"San Diego, CA 92121 (University City area)+3 locations",https://www.indeed.com/viewjob?jk=57b981396b8fefed
"Full Stack Developer (React, Python, NodeJS)",Chateaux,"Norwalk, CT",https://www.indeed.com/viewjob?jk=61aa5898d14df3a4
Python Engineer,Gelber Group LLC,"Chicago, IL 60654 (Near North area)",https://www.indeed.com/viewjob?jk=2f533d895c7962b5
Sr. Backend Engineer - Python,Espressive,California•Remote,https://www.indeed.com/viewjob?jk=63df3cb50f2955eb
Python Developer,Convazant,"Sunnyvale, CA",https://www.indeed.com/viewjob?jk=3bd86e0ab712b364
Scrum Master,Bitt Inc.,Utah•Remote,https://www.indeed.com/viewjob?jk=07b802fde0b6ca32
Data Analyst,Superpedestrian,"New York, NY+6 locations•Remote",https://www.indeed.com/viewjob?jk=33d108de2a10f084
People Analytics Partner,Netflix,Remote,https://www.indeed.com/viewjob?jk=79c852a11001e519
Research Associate,Clarkson University,"Potsdam, NY 13699",https://www.indeed.com/viewjob?jk=10fb97bda5150c31
DevOps Engineer,LumiraDx UK Ltd,"Waltham, MA 02453",https://www.indeed.com/viewjob?jk=b9a473ae8336c75a
Data Scientist,University of Michigan,"Ann Arbor, MI 48109+1 location",https://www.indeed.com/viewjob?jk=7aca8f7e4311d173
Machine Learning Researcher,Obsidian Security,"Redwood City, CA 94063",https://www.indeed.com/viewjob?jk=27cc37aaecfca26a
Java/Python Developer,General Motors,"Austin, TX",https://www.indeed.com/viewjob?jk=af241fa13afa4c68
Python Tools and DevOps Engineer,Apple,"Cupertino, CA+9 locations",https://www.indeed.com/viewjob?jk=14216e413b5ba555
Research Associate,MFS Investment Management,"Boston, MA",https://www.indeed.com/viewjob?jk=a7ddb6e963515b96
Research Scientist,NYU Langone,"New York, NY",https://www.indeed.com/viewjob?jk=cf270276e810710f
Data Curator/Analyst,Pharm3r,Remote,https://www.indeed.com/viewjob?jk=2331723f774af472
"Economist, SCOT",Amazon.com Services LLC,"Bellevue, WA+23 locations",https://www.indeed.com/viewjob?jk=adc248ffcc74c281
"Security Engineer, Infrastructure Protection",Google,"New York, NY (Chelsea area)+6 locations•Remote work available",https://www.indeed.com/viewjob?jk=ed62ff6e870f6167
AMM Quantitative Researcher,Morgan Stanley,"New York, NY+2 locations",https://www.indeed.com/viewjob?jk=e13b7542a2dc03a3
Junior Software Engineer,Riversand Technologies,"Houston, TX 77042 (West Houston area)",https://www.indeed.com/viewjob?jk=6f7111d31d53c96e
Predictive Modeler,Auto-Owners Insurance,"Lansing, MI",https://www.indeed.com/viewjob?jk=d763a6f1e1eaad8a
Data Analyst_Pittsburgh,Photon,"Philadelphia, PA•Remote",https://www.indeed.com/viewjob?jk=6f4233b7f5e97631
Python Developer,Alertus,"Baltimore, MD 21202 (Inner Harbor area)•Remote",https://www.indeed.com/viewjob?jk=cc72811ec0f43eda
Research Assistant,Johns Hopkins University,"Baltimore, MD 21287 (Dunbar-Broadway area)",https://www.indeed.com/viewjob?jk=4b5761278e7f5687
IT Security Analyst,Hasbro,"East Providence, RI",https://www.indeed.com/viewjob?jk=f834d708b245ab39
"Data Engineer - Spark, Python, AWS",FlexIT Inc,"Beaverton, OR 97005 (Central Beaverton area)+4 locations",https://www.indeed.com/viewjob?jk=cc23febeed3cc8ee
"Staff Software Engineer, Site Reliability Engineering",Slack,Oregon•Remote,https://www.indeed.com/viewjob?jk=4c5be99e41f51f9a
"Jr. Developer [Python, SQL, Javascript]","Horizon Media, Inc.","New York, NY",https://www.indeed.com/viewjob?jk=763ce5d7d99a83be
Vitria Data Scientist,Vitria Technology,"Menlo Park, CA 94025 (Lorelei Manor area)•Remote",https://www.indeed.com/viewjob?jk=a12209822929be49
Crash Analysis - Occupant Safety and Biomechanics Engineer,Tesla,"Fremont, CA",https://www.indeed.com/viewjob?jk=afde81e04fe48abf
Software Engineer,Valon Mortgage,"New York, NY",https://www.indeed.com/viewjob?jk=d33feb45be9f4f9f
Machine Learning Scientist - Prediction,Plus,"Cupertino, CA+2 locations",https://www.indeed.com/viewjob?jk=18a85177f9ba043d
Python Software Engineer III,Bank of America,"New York, NY+34 locations",https://www.indeed.com/viewjob?jk=6fcc737f6b776bc1
Applications Scientist,Araceli Biosciences,Remote,https://www.indeed.com/viewjob?jk=b32d0dc39dd1ef30
Junior Backend Software Engineer,Flywheel.io,Remote,https://www.indeed.com/viewjob?jk=e2c11ee45d55f24d
Researcher II,Nissan,"Silicon Valley, CA",https://www.indeed.com/viewjob?jk=d7b713da8fa15728
Scientist,Areté,"Northridge, CA 91324+1 location",https://www.indeed.com/viewjob?jk=de9e22271bd32848
3D Modeler - Hard Surface - Permanent Remote,"Webstaurant Store, Inc.","Lititz, PA 17543•Remote",https://www.indeed.com/viewjob?jk=f1d95ac60afce9fa
Statistical Modeler,FocusKPI Inc.,"San Bruno, CA",https://www.indeed.com/viewjob?jk=dee9201a3662d295
SQL Developer,Novus,"New York, NY 10010 (NoMad area)",https://www.indeed.com/viewjob?jk=06f9fb7fcdf08410
Packaging RD Engineer,Intel,"Phoenix, AZ 85018 (Camelback East area)+2 locations",https://www.indeed.com/viewjob?jk=67ce589f683b1962
Backend Developer (Python),Octave Bioscience,"Menlo Park, CA 94025",https://www.indeed.com/viewjob?jk=9e0e52779255bcc1
Associate Researcher (Data Engineer),Chapin Hall at the University of Chicago,"Chicago, IL 60637",https://www.indeed.com/viewjob?jk=d1a45b10d234be37
"Dedicated Services Engineer, Portuguese speaking",Canonical - Jobs,New York State+18 locations•Remote,https://www.indeed.com/viewjob?jk=3b3189dc67f62f1b
"Data Engineer, Junior",Booz Allen Hamilton,"Dover, DE+20 locations•Remote",https://www.indeed.com/viewjob?jk=57c04b5131f05d4c
Frontend Developer,Red Acre,"Saint Julian, SC",https://www.indeed.com/viewjob?jk=46e5de74893924a9
Data Scientist,The Washington Post,"Washington, DC",https://www.indeed.com/viewjob?jk=eb91001c5b53a022
Market Monitor - Economist,California ISO,"Folsom, CA 95630•Remote work available",https://www.indeed.com/viewjob?jk=a4fb2c1d40714ccd
Resarch Scientist,Intel,"San Diego, CA 92129",https://www.indeed.com/viewjob?jk=a2e855aa6172def7
Software Engineer - Data Engineer,Capgemini,"New York, NY+13 locations",https://www.indeed.com/viewjob?jk=a53547ed39ecaac4
Genomics Scientist,Syngenta,"Durham, NC+1 location",https://www.indeed.com/viewjob?jk=6bdfd9cb8abb40a1
Language Engineer,Amazon.com Services LLC,"Santa Clara, CA 94085+32 locations",https://www.indeed.com/viewjob?jk=25fb2afc5fb4c509
Associate Software Engineer,New Relic,"Seattle, WA 98121 (Belltown area)+29 locations",https://www.indeed.com/viewjob?jk=83524c0ec555ae3b
Python Developer,Span.IO,"San Francisco, CA",https://www.indeed.com/viewjob?jk=53035aedc4920eac
Python/SQL Developer,IDM People,"Township of Hamilton, NJ 08619",https://www.indeed.com/viewjob?jk=967a405ee33c49d4
Senior Geologist,Ovintiv,"Denver, CO",https://www.indeed.com/viewjob?jk=21adca203eeedca5
DevOps Architect - Remote,iFoodDecisionSciences,"Seattle, WA 98101 (Downtown area)+1 location•Remote",https://www.indeed.com/viewjob?jk=3614ce205d6e23d0
"Data Scientist, Marketing Analytics",Tinder,Remote,https://www.indeed.com/viewjob?jk=52bc9d4d527d0631
Jr. Scientist,TAE TECHNOLOGIES INC,"Foothill Ranch, CA 92610+1 location",https://www.indeed.com/viewjob?jk=574a5f951219640e
Tableau Developer,"JPMorgan Chase Bank, N.A.","Plano, TX",https://www.indeed.com/viewjob?jk=b7022c4dee82f654
Data Scientist,Areté,"Northridge, CA 91324",https://www.indeed.com/viewjob?jk=16b816ea06a8598d
Quality Analyst ll,Microsoft,"Redmond, WA 98052 (Overlake area)",https://www.indeed.com/viewjob?jk=6a02b44ca8905983
Software Engineer,CPACKET NETWORKS,"San Jose, CA",https://www.indeed.com/viewjob?jk=ef43a8ba214fe589
"Research Scientist, CFD Modeler",Corning,"Corning, NY 14831+5 locations",https://www.indeed.com/viewjob?jk=1fc292e0caf6a9d9
"Financial Analyst, Search Discovery and Ecosystems",Google,"New York, NY (Chelsea area)+4 locations",https://www.indeed.com/viewjob?jk=e7c45b1a46fc6b39
Data Scientist,"ICW Group Holdings, Inc","San Diego, CA 92128",https://www.indeed.com/viewjob?jk=bb20b7eede8d8e19
Python Programmer,Jade Global,"San Jose, CA 95110 (North San Jose area)+1 location",https://www.indeed.com/viewjob?jk=eda3bd50d66e85ca
Data Scientist,Alldus,"Austin, TX+4 locations",https://www.indeed.com/viewjob?jk=f05a2723cb095c13
Genome & Biomarker Sciences Co-op (2022),Merck,"Kenilworth, NJ",https://www.indeed.com/viewjob?jk=746c9d7dd971172f
Data Scientist,Ipsos North America,"Culver City, CA",https://www.indeed.com/viewjob?jk=4b2a13550695af3a
Data Analyst DT,MEDSTAR HEALTH,"Columbia, MD 21044",https://www.indeed.com/viewjob?jk=9abff7a3b0167445
Data Scientist,CANDY,"New York, NY",https://www.indeed.com/viewjob?jk=bdedda40287f6c93
Network Security Engineer,Google,"Reston, VA (Sunset Hills area)•Remote work available",https://www.indeed.com/viewjob?jk=292f5407a9e4adc4
"Data Analyst, Advertising",The New York Times,"New York, NY+1 location",https://www.indeed.com/viewjob?jk=99caeb0df51b7964
"Corporate Operations Engineer, Scaling and Automation",Google,"New York, NY (Chelsea area)+1 location",https://www.indeed.com/viewjob?jk=b84b606d66601d78
Python Backend Engineer,LeetCode,"Palo Alto, CA 94303",https://www.indeed.com/viewjob?jk=a713a19188e1aac3
Research Assistant,The Heritage Foundation,"Washington, DC 20004 (Penn Quarter area)",https://www.indeed.com/viewjob?jk=dc812d773a4363f0
Threat Researcher/Hunter,Binary Defense Systems LLC,Remote,https://www.indeed.com/viewjob?jk=b93f7958b022de3a
Performance Engineer,Charles Schwab,"Austin, TX+2 locations",https://www.indeed.com/viewjob?jk=039584183761e730
Data Scientist,Spacee,"Addison, TX 75001",https://www.indeed.com/viewjob?jk=b81b22f9509e5d0c
Python Developer,CompuGain,"Washington, DC 20005 (Logan Circle area)•Remote",https://www.indeed.com/viewjob?jk=54a4536e3d115d71
ETL Developer,SoHo Dragon,"New York, NY 10017 (Midtown area)",https://www.indeed.com/viewjob?jk=49fcdbc2f7d1b903
Research Scientist - Exploit & Vulnerability,AvionX,"Cupertino, CA",https://www.indeed.com/viewjob?jk=ccc1e6c28564752e
Software Engineer,AllHealth Network,"Englewood, CO 80112•Remote work available",https://www.indeed.com/viewjob?jk=d8e2778839c2fefd
Python Developer,Go8IT,"Plainsboro, NJ",https://www.indeed.com/viewjob?jk=76eda4ac2e631cc2
Research Associates,Rosenblatt Securities,"New York, NY 10005 (Financial District area)",https://www.indeed.com/viewjob?jk=75304bc19a74f00b
Data Scientist,Procter & Gamble,"Cincinnati, OH 45201 (Central Business District area)+7 locations",https://www.indeed.com/viewjob?jk=88549027fdef49c2
Python Developer (Fullstack),Konviere Corporation,"Leawood, KS",https://www.indeed.com/viewjob?jk=213ef23aef1e09fd
Sr. Customer Support Engineer - Austin or U.S. Remote,Zenoss,"Austin, TX 78726+1 location•Remote",https://www.indeed.com/viewjob?jk=5dc7bd9256722da9
Junior Engineer,Bay Area Rapid Transit,"Oakland, CA 94604 (Downtown area)",https://www.indeed.com/viewjob?jk=be51dd1762e64125
Hewlett Packard Labs – Research Engineer/Advanced Developmen...,Hewlett Packard Enterprise,"Milpitas, CA 95035",https://www.indeed.com/viewjob?jk=f7df054205261ff9
MLOps Software Engineer,Analog Devices,"Boston, MA+2 locations",https://www.indeed.com/viewjob?jk=93a2663b739f1032
Software Engineering MTS,Tableau,"Kirkland, WA 98033 (Moss Bay area)+11 locations",https://www.indeed.com/viewjob?jk=fd4dffb64cea9037
"Collection Specialist, DeFi",Chainalysis,New York State•Remote,https://www.indeed.com/viewjob?jk=986e81ac6be16302
"Financial Crimes Emerging Risk Analyst, Cash App",Cash App,"San Francisco, CA 94103 (South of Market area)•Remote",https://www.indeed.com/viewjob?jk=3a7c1a8d8acab6f2
"Technical Program Manager, Software Release Management",Google,"Mountain View, CA+13 locations•Remote work available",https://www.indeed.com/viewjob?jk=2a0f29cc02b403f6
Senior Python Developer,Flexware Innovation,"Valparaiso, IN 46383+1 location",https://www.indeed.com/viewjob?jk=f7c655e5eddc75c7
Senior Developer - REMOTE,Piper Companies,Remote,https://www.indeed.com/viewjob?jk=19dfa0b43c9db20e
Full Stack Python Developer/Programmer/Engineer,Cotocus,"Sacramento, CA 95822 (Airport area)",https://www.indeed.com/viewjob?jk=b8904053448f0d2c
Data Scientist,BlueLabs,"Washington, DC 20005 (Logan Circle area)",https://www.indeed.com/viewjob?jk=64cda8934a73ba05
Scientist—Synthetic & molecular biology,Patch Biosciences,"New York, NY 10014 (SoHo area)+2 locations•Remote",https://www.indeed.com/viewjob?jk=3a1fb5fd07cea724
Software Engineer,Intel,"Santa Clara, CA 95052+40 locations",https://www.indeed.com/viewjob?jk=6c11a915839524b7
Python Developer,CSC Generation,United States+1 location•Remote,https://www.indeed.com/viewjob?jk=18af2dad2032cf22
"Senior Software Engineer, Backend",Duolingo,"Seattle, WA+2 locations",https://www.indeed.com/viewjob?jk=1b34edbe1cf05931
Associate Software Engineer,Edmunds.com,+1 locationRemote,https://www.indeed.com/viewjob?jk=c2cd9bc7784c3584
"AWS Python Developer - Philadelphia, PA (Remote)",Apexon,"Philadelphia, PA•Remote",https://www.indeed.com/viewjob?jk=a751cf356c4e086e
DevOps Engineer - Python,Sail Internet,"Palo Alto, CA 94301 (Downtown North area)",https://www.indeed.com/viewjob?jk=8da0cbd10ddc73cf
Motion Analysis Lab Biomechanist,Texas Children's Hospital,"The Woodlands, TX",https://www.indeed.com/viewjob?jk=2634d496786d6435
Python Developer,ION,"New York, NY+1 location",https://www.indeed.com/viewjob?jk=ae5f6d64af933a31
Software Engineering Manager (Remote Possible),Piper Companies,"Philadelphia, PA•Remote",https://www.indeed.com/viewjob?jk=b1e42b698b8acaef
Data Engineer - Marketing Analytics (REMOTE),Splunk,"Seattle, WA 98103 (Green Lake - Wallingford area)+20 locations•Remote",https://www.indeed.com/viewjob?jk=e720a95fc19e7ac9
Medical Technologist (Remote),pulseData,"New York, NY•Remote",https://www.indeed.com/viewjob?jk=c81a9e6bb94ac2b1
Software Engineers,Data Sys IT,"Grapevine, TX",https://www.indeed.com/viewjob?jk=d6c1cb9bde3c5a0c
Python Developer,ESO,"Belcamp, MD",https://www.indeed.com/viewjob?jk=605b7c6764f51598
Data Scientist,Gilead Sciences,"Foster City, CA",https://www.indeed.com/viewjob?jk=340a4daad5b96c22
Data Scientist,Apollo Neuroscience,Remote,https://www.indeed.com/viewjob?jk=fe6c89b211ba3a5e
Senior Data Scientist,firstlight.ai,"San Diego, CA 92121",https://www.indeed.com/viewjob?jk=bf4ebc94604ad99d
PYTHON DEVELOPER,Nextshift,"Raritan, NJ",https://www.indeed.com/viewjob?jk=1ad4e031a54894fe
"Software Engineer, University Graduate",SingleStore,"San Francisco, CA+5 locations",https://www.indeed.com/viewjob?jk=4a4b169e825e9941
Data Scientist,Koddi,Remote,https://www.indeed.com/viewjob?jk=1d3506affe1219fe
Associate Software Engineer,Red Hat Software,"Raleigh, NC 27601+7 locations•Remote",https://www.indeed.com/viewjob?jk=e1ea52fa9e3036ae
Software Engineer - New College Graduate,Route,"Los Angeles, CA+5 locations",https://www.indeed.com/viewjob?jk=5db0d35ceb30f288
Python Software Engineer - International growing scale-up!,Channable,"Utrecht, Netherlands",https://stackoverflow.com/jobs/265091
Python Software Engineer (Quant Trading Firm),"Old Mission Capital, LLC","Chicago, IL",https://stackoverflow.com/jobs/528807
Senior Backend Engineer - Python,Cornershop,"São Paulo, Brazil",https://stackoverflow.com/jobs/515697
Principal Python Engineer,ComplyAdvantage,"London, UK",https://stackoverflow.com/jobs/504216
Python Engineer,McD Tech Labs,"Mountain View, CA",https://stackoverflow.com/jobs/534766
Python Entwickler*in Remote (f/m/d),Ambient,"Köln, Deutschland",https://stackoverflow.com/jobs/493874
Backend Engineer (Python/ Django),Sector Labs,"Dubai, United Arab Emirates",https://stackoverflow.com/jobs/518496
Python/Django back-end developer (Remote),Soshace LLC,No office location,https://stackoverflow.com/jobs/561827
Senior Software Developer Python (m/f/d),Ströer Online Marketing,"Hamburg, Deutschland",https://stackoverflow.com/jobs/462625
Software Developer (Python),Picnic,"Amsterdam, Netherlands",https://stackoverflow.com/jobs/292346
Python Developer (Remote),Finsera,No office location,https://stackoverflow.com/jobs/524065
Python Web Application Developer (Entry or Mid Level),"Cipher Tech Solutions, Inc",No office location,https://stackoverflow.com/jobs/561032
Sr. Full Stack Engineer- Python,AutoTrader,"Toronto, ON, Canada",https://stackoverflow.com/jobs/529021
Senior Python/Django Full-stack Developer,Apicbase Belgium,No office location,https://stackoverflow.com/jobs/545356
Python Software Engineer (Data Pipeline),Bloomreach,No office location,https://stackoverflow.com/jobs/524987
Senior Backend (Python / Django) Engineer (m/f/x),Alasco,"München, Germany",https://stackoverflow.com/jobs/559740
Python Software Developer,EODC GmbH,"Wien, Österreich",https://stackoverflow.com/jobs/496568
Junior Backend (Python / Django) Engineer (m/f/x),Alasco,"München, Germany",https://stackoverflow.com/jobs/559737
"Tech Lead, Python Systems Engineering",McD Tech Labs,"Mountain View, CA",https://stackoverflow.com/jobs/523801
C++ and Python software engineers - Metrology,ASML,"Veldhoven, Netherlands",https://stackoverflow.com/jobs/523429
Backend developer (Python/Django) with a passion for open source,5 Monkeys Agency ABvia5 Monkeys Agency AB,"Göteborg, Sweden",https://stackoverflow.com/jobs/546428
Senior Software Engineer (Python),HENNGE K.K.,"Tokyo, Japan",https://stackoverflow.com/jobs/555511
"Data Engineer (Python, ETL)",Finsera,No office location,https://stackoverflow.com/jobs/536631
Backend developer (Python/Django) with a passion for open source,5 Monkeys Agency ABvia5 Monkeys Agency AB,"Stockholm, Sweden",https://stackoverflow.com/jobs/546429
Software Engineer (Java/Python),ComplyAdvantage,"London, UK",https://stackoverflow.com/jobs/528544
Python Software Engineer,Sav.com,"Chicago, IL",https://stackoverflow.com/jobs/515692
Lead/Senior Software Engineer (Python/Django),Sector Labs,"Dubai, United Arab Emirates",https://stackoverflow.com/jobs/551454
Software Engineer - Machine Learning Team (Python/C++) (m/w/d),Volume Graphics GmbH,"Heidelberg, Deutschland",https://stackoverflow.com/jobs/550558
Senior Backend Engineer - Python - México,Cornershop by Uber,No office location,https://stackoverflow.com/jobs/526139
"SENIOR FULL-STACK DEV WITH RUBY / PYTHON / REACT NATIVE -- 100% REMOTE, FLEXIBLE",Analytics Fire,No office location,https://stackoverflow.com/jobs/517987
Principal Python Engineer,ComplyAdvantage,"London, UK",https://stackoverflow.com/jobs/504216
Senior Fullstack Engineer (Python/Django/React)- #12 of Top-100 Marketplaces,StyleSeat,No office location,https://stackoverflow.com/jobs/561047
Senior Software Engineer - Python,DIGARC,No office location,https://stackoverflow.com/jobs/497630
(Senior) Full-Stack Web Developer - React | Typescript | Python | Kubernetes,Dynatrace,"Wien, Austria",https://stackoverflow.com/jobs/559763
Python Developer (Remote),X-Team,No office location,https://stackoverflow.com/jobs/534454
Senior Python/Django Full-stack Developer,Apicbase Belgium,No office location,https://stackoverflow.com/jobs/515716
"Data Engineer (Python, SQL)",Huxley Banking & Financial ServicesviaHuxley (US),"Chicago, IL",https://stackoverflow.com/jobs/526406
Back-End Developer (i.e. Python),Imaginary Cloud,No office location,https://stackoverflow.com/jobs/565769
"QA Automation Engineer ( Python, Pytest)",Modus Create,No office location,https://stackoverflow.com/jobs/565910
"Senior Data Engineer (Python, Kafka, Airflow)",AMBOSS,"Berlin, Germany",https://stackoverflow.com/jobs/415218
"Python Software Engineer, Commercial Systems",Canonical,No office location,https://stackoverflow.com/jobs/560585
Software Engineer (Python Data Stack) (m/f/d),QuantCo,"Karlsruhe, Germany",https://stackoverflow.com/jobs/349976
Sr. Full Stack Engineer- Python,AutoTrader,"Toronto, ON, Canada",https://stackoverflow.com/jobs/529021
Python Engineer,Intel Corporation,"Gdańsk, Poland",https://stackoverflow.com/jobs/529943
Python Developer,Risk Focus,No office location,https://stackoverflow.com/jobs/552173
Python Software Engineer - International growing scale-up!,Channable,"Utrecht, Netherlands",https://stackoverflow.com/jobs/265091
Senior Python Engineer,Huxley Banking & Financial ServicesviaHuxley (US),"Boston, MA",https://stackoverflow.com/jobs/524663
Python Developer/ Data Engineer,Huxley Banking & Financial ServicesviaHuxley (US),"New York, NY",https://stackoverflow.com/jobs/522466
Python Software Engineer (Data Pipeline),Bloomreach,No office location,https://stackoverflow.com/jobs/524987
Senior Backend (Python / Django) Engineer (m/f/x),Alasco,"München, Germany",https://stackoverflow.com/jobs/559740
Software Engineers - Cloud Reliability & Infrastructure (Python or Java),Canva,"Sydney, Australia",https://stackoverflow.com/jobs/373689
Python Software Engineer,Sav.com,"Chicago, IL",https://stackoverflow.com/jobs/515692
Senior Python Engineer,Huxley Banking & Financial ServicesviaHuxley (US),"Boston, MA",https://stackoverflow.com/jobs/524663
Senior Software Engineer - Python,DIGARC,No office location,https://stackoverflow.com/jobs/497630
A 'jack-of-all-trades' for an Agile team - Python Dev/ Tech Lead/ Scrum Master,Pentalog,"Hanoi, Vietnam",https://stackoverflow.com/jobs/554242
"Junior IoT Developer (M/W/D) Python, C++",VISPIRON CHARGE-V GmbH,"München, Deutschland",https://stackoverflow.com/jobs/548810
"Python Software Engineer (Linux, Security)",diconium group,"Stuttgart, Deutschland",https://stackoverflow.com/jobs/556429
"Principal Software Engineer, Data (Python & pandas) - London",Synthace Ltd.,"London, UK",https://stackoverflow.com/jobs/554536
Fullstack Developer (Python/React),We Got POP Ltd,"London, UK",https://stackoverflow.com/jobs/525267
Administrator / Systembetreuer Python (w/m/d),energy & meteo systems GmbH,"Oldenburg, Deutschland",https://stackoverflow.com/jobs/565266
"Back End Engineer (Python, AWS)",Modus Create,No office location,https://stackoverflow.com/jobs/560131
"Senior IoT Developer (M/W/D/) Python, C++",VISPIRON CHARGE-V GmbH,"München, Deutschland",https://stackoverflow.com/jobs/524044
Software Engineer (Python Data Stack) (m/f/d),QuantCo,"Karlsruhe, Germany",https://stackoverflow.com/jobs/349976
Python Developer suchen Kollegen (m/w/d),solute GmbH,"Karlsruhe, Deutschland",https://stackoverflow.com/jobs/284443
Senior Python Softwareentwickler:in (m/w/d),JobRad GmbH,"Freiburg im Breisgau, Deutschland",https://stackoverflow.com/jobs/563123
Python Developer/ Data Engineer,Huxley Banking & Financial ServicesviaHuxley (US),"New York, NY",https://stackoverflow.com/jobs/522466
"Senior Software Engineer, Integration QA, Python",Canonical,No office location,https://stackoverflow.com/jobs/519661
Contract Python Engineer - £500-600/day - Outside IR35 - Remote/UK - ClimateTech,Confido Talent,No office location,https://stackoverflow.com/jobs/565900
"Data Engineer (m/f) (SQL, Python, R, Java)",RIAG DIGITAL,"Wien, Austria",https://stackoverflow.com/jobs/376577
Python Developer/ Trading Systems Engineer,Huxley Banking & Financial ServicesviaHuxley (US),"New York, NY",https://stackoverflow.com/jobs/522467
Lead Software Engineer - Python Focus Big Loop Systems (m/f/d),CARIAD,"Ingolstadt, Germany",https://stackoverflow.com/jobs/547925
"Senior .Net Developer for ML, Computer Vision and Python Algorithm development",MapLarge,No office location,https://stackoverflow.com/jobs/165235
Developer Technology Engineer - Test Automation (C++ / Python / Jenkins),Imagination Technologies,"Kings Langley, UK",https://stackoverflow.com/jobs/543473
"Senior Python Software Developer (m/f/d) @ our Partner ADSPERT (Berlin, remote)",solute GmbH,"Berlin, Deutschland",https://stackoverflow.com/jobs/547853
Fullstack Cloud Engineer (Python/React/AWS),Montash,No office location,https://stackoverflow.com/jobs/556128
"Arista Networks is hiring Front End Engineer for Dublin office(JS, React+Redux)","Arista Networks, Inc","Dublin, Ireland",https://stackoverflow.com/jobs/482910
"Senior .Net Developer for ML, Computer Vision and Python Algorithm development",MapLarge,No office location,https://stackoverflow.com/jobs/165235
Lead Software Engineer - Python Focus Big Loop Systems (m/f/d),CARIAD,"Ingolstadt, Germany",https://stackoverflow.com/jobs/547925
Frontend React.js Developer (Remote),Soshace LLC,No office location,https://stackoverflow.com/jobs/561825
Node.js Developer (Remote),Soshace LLC,No office location,https://stackoverflow.com/jobs/561826
Cloud Automation Engineer,tribe29 GmbH,"München, Deutschland",https://stackoverflow.com/jobs/547843
Analyste solution/ Chef de projet déploiement Smart O&M (H/F),ENGIE Digital,"Paris, France",https://stackoverflow.com/jobs/548602
DevOps Engineer with interesting scale up challenges,Channable,"Utrecht, Netherlands",https://stackoverflow.com/jobs/500253
Product Owner Smart O&M (H/F),ENGIE Digital,"Paris, France",https://stackoverflow.com/jobs/554454
QA Analyst (H/F),ENGIE Digital,"Paris, France",https://stackoverflow.com/jobs/528279
Senior Full-stack Web Developer,F-Secure,"Poznań, Poland",https://stackoverflow.com/jobs/526479
Senior Full-stack Web Developer,F-Secure,"Basingstoke, UK",https://stackoverflow.com/jobs/535566
Experienced Front-end Developer,F-Secure,"Helsinki, Finland",https://stackoverflow.com/jobs/552301
iOS Developers,F-Secure,"Helsinki, Finland",https://stackoverflow.com/jobs/552307
Android Developer,F-Secure,"Helsinki, Finland",https://stackoverflow.com/jobs/552308
Senior Data Scientist / Data Engineer,F-Secure,"Poznań, Poland",https://stackoverflow.com/jobs/538605
Penetration Tester - Cyber Security,F-Secure,"London, UK",https://stackoverflow.com/jobs/554863
C++ developer in Berlin. 120 000 euro per year,think-cell,"Berlin, Germany",https://stackoverflow.com/jobs/36832
iOS Developer,Marks & Spencer,"London, UK",https://stackoverflow.com/jobs/530984
Full-Stack Software Engineer,Marks & Spencer,"London, UK",https://stackoverflow.com/jobs/530982
Android Developer,Marks & Spencer,"London, UK",https://stackoverflow.com/jobs/530799
Technical Lead - Data Event Platform,Marks & Spencer,"London, UK",https://stackoverflow.com/jobs/530983
Full-stack web developer (in biodiversity informatics),INBO - Research Institute for Nature and Forest,"Brussels, Belgium",https://stackoverflow.com/jobs/565883
Backend Developer,AudioValley,"Paris, France",https://stackoverflow.com/jobs/518186
"Software Engineer, Backend",SmartNews,"Shibuya City, Japan",https://stackoverflow.com/jobs/208334
Intertoob Scanner Builder (Fullstack Engineer),Carve Systems,"Golden, CO",https://stackoverflow.com/jobs/517498
Full-Stack Technical Lead,SSENSE,"Montreal, QC, Canada",https://stackoverflow.com/jobs/521742
Backend Developer,AudioValley,"Paris, France",https://stackoverflow.com/jobs/518186
Django Engineer (human) for Germany's leading local marketing platform,RegioHelden GmbH,"Stuttgart, Germany",https://stackoverflow.com/jobs/565651
"Software Engineer, Backend",SmartNews,"Shibuya City, Japan",https://stackoverflow.com/jobs/208334
Backend Developer,Remote Crew LDA,No office location,https://stackoverflow.com/jobs/565778
Software Engineer,Slimmer AI,"Amsterdam, Netherlands",https://stackoverflow.com/jobs/552562
Staff Software Engineer,BillionToOne,"Menlo Park, CA",https://stackoverflow.com/jobs/565619
Full-Stack Technical Lead,SSENSE,"Austin, TX",https://stackoverflow.com/jobs/521737
Backend Developer,Octopus Energy,"London, UK",https://stackoverflow.com/jobs/197943
Backend Developer - APIs Team,Octopus Energy,"London, UK",https://stackoverflow.com/jobs/533658
Senior Backend Developer - Paylater,Unzer GmbH,"Frankfurt, Germany",https://stackoverflow.com/jobs/536785
Fully Remote Senior or Staff Software Engineer - Platform9,Platform9viaSource Coders,"Mountain View, CA",https://stackoverflow.com/jobs/565834
Softwareentwickler*in (m/w/x) (Vollzeit),Orendt Studios GmbH,"Hamburg, Deutschland",https://stackoverflow.com/jobs/565680
Senior Full Stack Software Engineer,kaliber.ai,"San Francisco, CA",https://stackoverflow.com/jobs/251476
Backend Software Engineer - Trust and Safety Engineering,ByteDance,Singapore,https://stackoverflow.com/jobs/546396
"Software Developers for our offices in Berlin, Hamburg, Göttingen or Abingdon",Evotec SE,"Hamburg, Germany",https://stackoverflow.com/jobs/524299
"Software Engineer, Backend (EMEA)",Hotjar,No office location,https://stackoverflow.com/jobs/565839
Lead Data Scientist,Singapore Innovate Pte. Ltd,Singapore,https://stackoverflow.com/jobs/565885
Backend Engineer (Remote),Eterlast,"Barcelona, Spain",https://stackoverflow.com/jobs/563092
Software Entwickler (m/w/d),NOVOMATIC AG,"Gumpoldskirchen, Österreich",https://stackoverflow.com/jobs/554829
Backend Software Engineer,Armored Things,"Boston, MA",https://stackoverflow.com/jobs/322319
"Full-Stack Developer, Research & Development",Houston Astros Baseball R&D,"Houston, TX",https://stackoverflow.com/jobs/536288
React Front End Developer,"Daupler, Inc.","Kansas City, MO",https://stackoverflow.com/jobs/523351
Web Engineer,Signal AI,"London, UK",https://stackoverflow.com/jobs/273615
Software Engineer (Monitoring System) - Working in Japan,LINE Fukuoka,"Fukuoka, Japan",https://stackoverflow.com/jobs/273841
React Front End Developer,"Daupler, Inc.","Kansas City, MO",https://stackoverflow.com/jobs/523351
Django Engineer (human) for Germany's leading local marketing platform,RegioHelden GmbH,"Stuttgart, Germany",https://stackoverflow.com/jobs/565651
Software Engineer (m/w/d) IoT – Schwerpunkt Stream Analytics,Schuler Pressen GmbH,"Göppingen, Deutschland",https://stackoverflow.com/jobs/562571
Full-Stack Software Engineer (C# + .NET 6 / React + Typescript) (f/m/d),HeidelbergCement AG,"Heidelberg, Deutschland",https://stackoverflow.com/jobs/559624
Women in Tech - all levels - at sustainable start-up (f/x) - Munich or Remote,FINN,No office location,https://stackoverflow.com/jobs/565648
"Frontend Software Engineer, Business Integrity",ByteDance,Singapore,https://stackoverflow.com/jobs/553035
Senior Full Stack Software Engineer,kaliber.ai,"San Francisco, CA",https://stackoverflow.com/jobs/251476
Front End Software Engineer – HPC Products,DUG Technology,"West Perth, Australia",https://stackoverflow.com/jobs/528137
Senior Software Developer (Full Stack),Jewel Paymentech Pte Ltd,Singapore,https://stackoverflow.com/jobs/534474
Senior Backend Developer,ReviewPro / ReviewRank,"Barcelona, Spain",https://stackoverflow.com/jobs/554865
Full-Stack Engineer - (Neo4j Aura),Neo4j,"London, UK",https://stackoverflow.com/jobs/435690
"Software Engineer, Backend (EMEA)",Hotjar,No office location,https://stackoverflow.com/jobs/565839
SOFTWARE CRAFT(WO)MAN Java et/ou JS,Arolla,"Paris, France",https://stackoverflow.com/jobs/496545
Senior Backend Architect (m/f/d),Motius GmbH,"München, Deutschland",https://stackoverflow.com/jobs/565858
Senior IIoT Software Architect (m/f/d),Wiferion GmbH,"Freiburg im Breisgau, Deutschland",https://stackoverflow.com/jobs/565598
Software Engineer (Backend) (m/f/d),QuantCo,"Berlin, Germany",https://stackoverflow.com/jobs/409511
Senior Full Stack Developer at Kogan.com,We Are Common,"Melbourne, Australia",https://stackoverflow.com/jobs/531156
"Junior Developer for Cloud Technologies (Kafka, Flink, Terraform)",reeeliance IM GmbH,"Hamburg, Deutschland",https://stackoverflow.com/jobs/516858
Senior Software Engineer - Full-Stack,Blend HRM Inc,"Burlingame, CA",https://stackoverflow.com/jobs/530162
Software Engineer in Test,McD Tech Labs,"Mountain View, CA",https://stackoverflow.com/jobs/523806
Software Engineer (Java) - Manufacturing SaaS,Plex Systems,"Troy, MI",https://stackoverflow.com/jobs/565861
"Software Engineer, Platform Infrastructure",SmartNews,"Shibuya City, Japan",https://stackoverflow.com/jobs/448299
Software Engineer,The Orchard,"London, UK",https://stackoverflow.com/jobs/543314
Front-End Software Engineer,HENNGE K.K.,"Tokyo, Japan",https://stackoverflow.com/jobs/381280
Middleware C++ Software Engineer for Linux (f/m/x),BMW Group,"Ulm, Deutschland",https://stackoverflow.com/jobs/528145
"Full-Stack Developer (JavaScript, Node.JS) - REMOTE",MUFG,No office location,https://stackoverflow.com/jobs/559442
Lead Data Scientist,Singapore Innovate Pte. Ltd,Singapore,https://stackoverflow.com/jobs/565885
Sr. or Lead Front End Engineer - Cisco Meraki - Fully Remote (U.S. or Canada),Cisco MerakiviaSource Coders,No office location,https://stackoverflow.com/jobs/565641
Full Stack Web Developer (m/w/d),solute GmbH,"Karlsruhe, Deutschland",https://stackoverflow.com/jobs/556141
DevOps Engineer - 100% Remote,Disy Informationssysteme GmbH,"Karlsruhe, Deutschland",https://stackoverflow.com/jobs/383260
Software Entwickler (m/w/d),NOVOMATIC AG,"Gumpoldskirchen, Österreich",https://stackoverflow.com/jobs/554829
"Backend Engineer, Markets",TradeBlock,"New York, NY",https://stackoverflow.com/jobs/559193
Senior Software Engineer,ZAIKO K.K.,"Minato City, Japan",https://stackoverflow.com/jobs/524414
Backend Engineer - Partner API,Runtastic,"Vienna, Austria",https://stackoverflow.com/jobs/507680
Senior Full Stack Developer at Kogan.com,We Are Common,"Melbourne, Australia",https://stackoverflow.com/jobs/531156
Web Engineer,Signal AI,"London, UK",https://stackoverflow.com/jobs/273615
Senior Backend Engineer (Go),Bigblue,"Paris, France",https://stackoverflow.com/jobs/505290
Software Engineer,The Orchard,"London, UK",https://stackoverflow.com/jobs/543314
Senior Full Stack Engineer at Leading Education Company,Tynker,No office location,https://stackoverflow.com/jobs/494562
Software Engineer in Test,McD Tech Labs,"Mountain View, CA",https://stackoverflow.com/jobs/523806
Research Software Engineer - HPC (f/m/x),Helmholtz-Zentrum für Umweltforschung GmbH - UFZ,"Leipzig, Deutschland",https://stackoverflow.com/jobs/561021
"Backend Software Engineer, Business Integrity",ByteDance,Singapore,https://stackoverflow.com/jobs/553036
(Senior) Java Software Engineer | Gdansk,Dynatrace,"Gdańsk, Poland",https://stackoverflow.com/jobs/560068
C++ Software Developer (w/m/d) - Automotive Simulation - Munich / DE-remote,Paradox Cat GmbH,"München, Deutschland",https://stackoverflow.com/jobs/551302
Junior Frontend (TypeScript / React) Engineer (m/f/x),Alasco,"München, Germany",https://stackoverflow.com/jobs/559738
Software Allrounder (m/f/d),AnyDesk Software GmbH,"Stuttgart, Deutschland",https://stackoverflow.com/jobs/564248
Backend Engineer,AsurionviaComputer Futures Japan,"Tokyo, Japan",https://stackoverflow.com/jobs/516824
DevOps Software Development Engineer,Esri,"Redlands, CA",https://stackoverflow.com/jobs/482704
Senior Backend Developer,ReviewPro / ReviewRank,"Barcelona, Spain",https://stackoverflow.com/jobs/554865
